TransactionID,Amount,Time,Location,Merchant,DeviceType,Fraud
1,78325,9,Chennai,Flipkart,Mobile,0
2,10337,18,Hyderabad,Paytm,Tablet,0
3,53189,19,Chennai,Amazon,Tablet,0
4,22970,22,Delhi,Unknown,Tablet,0
5,13444,22,Delhi,Unknown,Tablet,0
6,35445,0,Bangalore,Unknown,Mobile,1
7,65217,1,Hyderabad,Flipkart,Mobile,1
8,28501,0,Bangalore,Flipkart,Mobile,0
9,95001,4,Delhi,Myntra,Laptop,0
10,29461,23,Hyderabad,Myntra,Tablet,0
11,75691,22,Hyderabad,Flipkart,Laptop,0
12,81688,10,Hyderabad,Flipkart,Mobile,0
13,53050,20,Hyderabad,Myntra,Mobile,0
14,21890,7,Delhi,Myntra,Mobile,0
15,68576,19,Delhi,Amazon,Mobile,0
16,71696,19,Hyderabad,Flipkart,Tablet,0
17,68360,12,Bangalore,Amazon,Laptop,0
18,38336,19,Mumbai,Amazon,Laptop,0
19,8680,16,Bangalore,Amazon,Tablet,0
20,33118,13,Chennai,Amazon,Laptop,0
21,57169,19,Mumbai,Flipkart,Mobile,0
22,23827,21,Hyderabad,Amazon,Laptop,0
23,28058,22,Mumbai,Amazon,Tablet,0
24,63963,19,Hyderabad,Flipkart,Mobile,0
25,31328,0,Mumbai,Myntra,Mobile,1
26,10874,5,Mumbai,Unknown,Mobile,0
27,7799,18,Mumbai,Amazon,Tablet,0
28,55705,12,Chennai,Myntra,Mobile,0
29,99057,4,Chennai,Unknown,Laptop,1
30,68338,5,Hyderabad,Paytm,Mobile,0
31,23902,1,Mumbai,Myntra,Laptop,0
32,66508,23,Delhi,Unknown,Tablet,1
33,2411,3,Hyderabad,Unknown,Mobile,0
34,36483,21,Bangalore,Unknown,Mobile,0
35,7688,9,Chennai,Flipkart,Tablet,0
36,67139,23,Mumbai,Amazon,Tablet,0
37,72735,19,Chennai,Unknown,Laptop,1
38,70003,5,Hyderabad,Flipkart,Laptop,0
39,29752,8,Bangalore,Amazon,Laptop,0
40,75416,1,Chennai,Amazon,Laptop,1
41,59226,5,Mumbai,Flipkart,Laptop,0
42,48626,20,Mumbai,Amazon,Mobile,0
43,87924,9,Mumbai,Flipkart,Mobile,0
44,8924,6,Hyderabad,Myntra,Mobile,0
45,5529,16,Chennai,Flipkart,Mobile,0
46,67228,1,Delhi,Flipkart,Laptop,1
47,77473,6,Hyderabad,Paytm,Laptop,0
48,64738,4,Bangalore,Unknown,Mobile,1
49,54800,8,Delhi,Amazon,Laptop,0
50,69681,23,Chennai,Paytm,Tablet,0
51,7325,22,Mumbai,Paytm,Mobile,0
52,80340,4,Mumbai,Amazon,Mobile,0
53,74527,18,Bangalore,Amazon,Laptop,0
54,15104,6,Chennai,Unknown,Mobile,0
55,15872,11,Delhi,Unknown,Mobile,0
56,55351,7,Delhi,Flipkart,Tablet,0
57,59674,10,Chennai,Unknown,Mobile,1
58,73071,17,Mumbai,Flipkart,Mobile,0
59,71660,9,Hyderabad,Amazon,Laptop,0
60,26934,14,Chennai,Amazon,Laptop,0
61,92430,0,Chennai,Amazon,Laptop,1
62,47701,22,Chennai,Amazon,Laptop,0
63,86558,20,Chennai,Unknown,Laptop,1
64,29383,4,Mumbai,Unknown,Mobile,0
65,90687,12,Mumbai,Unknown,Tablet,1
66,6710,12,Bangalore,Myntra,Mobile,0
67,58448,8,Chennai,Paytm,Tablet,0
68,86419,7,Hyderabad,Amazon,Laptop,0
69,63908,19,Delhi,Amazon,Laptop,0
70,10511,21,Mumbai,Paytm,Mobile,0
71,87675,13,Mumbai,Flipkart,Mobile,0
72,25619,10,Hyderabad,Myntra,Mobile,0
73,59678,6,Chennai,Flipkart,Mobile,0
74,15917,18,Bangalore,Paytm,Laptop,0
75,35284,1,Delhi,Myntra,Tablet,1
76,86020,21,Bangalore,Myntra,Tablet,0
77,40859,1,Hyderabad,Amazon,Tablet,1
78,36298,20,Delhi,Amazon,Laptop,0
79,1063,22,Mumbai,Unknown,Mobile,0
80,17022,14,Hyderabad,Flipkart,Mobile,0
81,335,6,Hyderabad,Myntra,Mobile,0
82,82977,9,Mumbai,Paytm,Tablet,0
83,35231,9,Mumbai,Unknown,Tablet,0
84,48563,0,Delhi,Unknown,Laptop,1
85,32476,22,Chennai,Amazon,Tablet,0
86,9261,3,Hyderabad,Myntra,Mobile,0
87,73373,21,Mumbai,Myntra,Laptop,0
88,87799,4,Bangalore,Flipkart,Tablet,0
89,50404,7,Mumbai,Amazon,Laptop,0
90,37409,6,Hyderabad,Myntra,Laptop,0
91,47091,15,Chennai,Amazon,Laptop,0
92,82486,19,Chennai,Paytm,Laptop,0
93,51033,20,Mumbai,Paytm,Mobile,0
94,81093,1,Delhi,Flipkart,Laptop,1
95,30484,21,Delhi,Flipkart,Laptop,0
96,82823,6,Bangalore,Amazon,Tablet,0
97,24674,7,Bangalore,Amazon,Laptop,0
98,69687,6,Bangalore,Paytm,Mobile,0
99,81048,16,Bangalore,Amazon,Laptop,0
100,31710,8,Mumbai,Flipkart,Tablet,0
101,27416,23,Delhi,Unknown,Tablet,0
102,66684,11,Hyderabad,Myntra,Laptop,0
103,26750,3,Hyderabad,Flipkart,Laptop,0
104,84526,20,Chennai,Amazon,Mobile,0
105,16194,6,Chennai,Unknown,Mobile,0
106,54819,9,Hyderabad,Amazon,Tablet,0
107,96162,20,Chennai,Amazon,Mobile,0
108,68452,14,Chennai,Paytm,Laptop,0
109,80069,17,Hyderabad,Myntra,Tablet,0
110,98289,15,Mumbai,Unknown,Tablet,1
111,18410,1,Hyderabad,Flipkart,Laptop,0
112,39437,17,Chennai,Unknown,Laptop,0
113,55800,14,Hyderabad,Unknown,Mobile,1
114,46096,0,Chennai,Amazon,Mobile,1
115,31542,19,Chennai,Unknown,Laptop,0
116,89896,6,Delhi,Unknown,Mobile,1
117,61000,14,Mumbai,Amazon,Laptop,0
118,51078,19,Hyderabad,Myntra,Mobile,0
119,71591,23,Chennai,Unknown,Laptop,1
120,22615,7,Hyderabad,Unknown,Tablet,0
121,57256,10,Chennai,Myntra,Mobile,0
122,37067,4,Bangalore,Unknown,Tablet,0
123,50764,0,Mumbai,Myntra,Mobile,1
124,30232,13,Mumbai,Paytm,Mobile,0
125,41458,0,Delhi,Paytm,Laptop,1
126,39641,20,Bangalore,Myntra,Laptop,0
127,47926,4,Hyderabad,Unknown,Laptop,0
128,60822,21,Delhi,Flipkart,Laptop,0
129,94568,11,Delhi,Unknown,Mobile,1
130,36141,22,Hyderabad,Flipkart,Tablet,0
131,5262,4,Mumbai,Paytm,Tablet,0
132,53788,11,Delhi,Unknown,Laptop,1
133,6963,0,Mumbai,Myntra,Laptop,0
134,47301,9,Chennai,Myntra,Laptop,0
135,56262,6,Bangalore,Paytm,Mobile,0
136,23140,19,Bangalore,Paytm,Laptop,0
137,5883,11,Chennai,Unknown,Tablet,0
138,66320,5,Chennai,Amazon,Tablet,0
139,45572,12,Delhi,Myntra,Laptop,0
140,90757,19,Delhi,Amazon,Laptop,0
141,6353,18,Chennai,Paytm,Laptop,0
142,81549,20,Bangalore,Flipkart,Laptop,0
143,61238,19,Delhi,Paytm,Laptop,0
144,54108,13,Delhi,Myntra,Mobile,0
145,60218,4,Hyderabad,Paytm,Mobile,0
146,18268,18,Delhi,Myntra,Tablet,0
147,69757,16,Hyderabad,Paytm,Tablet,0
148,58018,18,Delhi,Flipkart,Tablet,0
149,7303,17,Mumbai,Amazon,Laptop,0
150,2595,12,Chennai,Paytm,Laptop,0
151,12750,6,Mumbai,Myntra,Tablet,0
152,29821,23,Hyderabad,Flipkart,Tablet,0
153,4242,6,Delhi,Amazon,Laptop,0
154,55266,1,Bangalore,Flipkart,Laptop,1
155,76888,16,Chennai,Unknown,Tablet,1
156,7843,13,Chennai,Flipkart,Tablet,0
157,68563,18,Bangalore,Flipkart,Mobile,0
158,2934,23,Hyderabad,Myntra,Mobile,0
159,78884,20,Mumbai,Paytm,Tablet,0
160,69820,1,Mumbai,Flipkart,Laptop,1
161,9025,20,Hyderabad,Myntra,Mobile,0
162,2497,6,Hyderabad,Myntra,Tablet,0
163,15724,12,Chennai,Unknown,Laptop,0
164,91973,9,Hyderabad,Paytm,Tablet,0
165,87285,21,Hyderabad,Unknown,Mobile,1
166,91639,13,Delhi,Unknown,Laptop,1
167,30397,17,Chennai,Flipkart,Tablet,0
168,64953,1,Bangalore,Amazon,Laptop,1
169,13225,22,Chennai,Paytm,Tablet,0
170,87967,20,Hyderabad,Myntra,Mobile,0
171,74622,16,Chennai,Unknown,Tablet,1
172,26358,13,Delhi,Paytm,Mobile,0
173,93365,22,Chennai,Amazon,Laptop,0
174,6492,16,Bangalore,Flipkart,Mobile,0
175,57435,16,Mumbai,Paytm,Laptop,0
176,36407,13,Hyderabad,Amazon,Mobile,0
177,34136,14,Mumbai,Flipkart,Tablet,0
178,50910,2,Chennai,Amazon,Laptop,1
179,39646,9,Chennai,Unknown,Laptop,0
180,89361,8,Mumbai,Myntra,Mobile,0
181,22528,9,Chennai,Flipkart,Tablet,0
182,91443,9,Mumbai,Unknown,Laptop,1
183,95226,11,Delhi,Amazon,Laptop,0
184,86267,18,Hyderabad,Unknown,Mobile,1
185,30906,10,Hyderabad,Myntra,Tablet,0
186,80945,9,Hyderabad,Amazon,Laptop,0
187,40542,7,Chennai,Unknown,Tablet,0
188,18305,10,Bangalore,Amazon,Mobile,0
189,56652,11,Delhi,Paytm,Mobile,0
190,77459,18,Chennai,Amazon,Laptop,0
191,55425,5,Bangalore,Paytm,Tablet,0
192,8490,7,Chennai,Myntra,Mobile,0
193,75649,8,Bangalore,Myntra,Tablet,0
194,5809,2,Mumbai,Paytm,Laptop,0
195,16181,4,Bangalore,Flipkart,Laptop,0
196,41878,16,Delhi,Paytm,Mobile,0
197,86196,13,Hyderabad,Flipkart,Mobile,0
198,79665,21,Chennai,Flipkart,Tablet,0
199,32449,15,Chennai,Amazon,Laptop,0
200,33958,12,Hyderabad,Myntra,Tablet,0
201,48498,18,Mumbai,Myntra,Laptop,0
202,96706,20,Chennai,Amazon,Mobile,0
203,59157,23,Chennai,Unknown,Tablet,1
204,48724,17,Delhi,Flipkart,Tablet,0
205,398,18,Delhi,Unknown,Tablet,0
206,76793,17,Bangalore,Myntra,Tablet,0
207,35007,18,Mumbai,Unknown,Tablet,0
208,17545,6,Mumbai,Unknown,Mobile,0
209,56895,7,Chennai,Unknown,Mobile,1
210,21929,4,Bangalore,Paytm,Mobile,0
211,80140,12,Bangalore,Amazon,Laptop,0
212,8456,20,Bangalore,Flipkart,Mobile,0
213,54843,15,Chennai,Amazon,Tablet,0
214,55176,2,Delhi,Myntra,Laptop,1
215,37280,23,Delhi,Flipkart,Tablet,0
216,12134,2,Delhi,Unknown,Laptop,0
217,54006,17,Delhi,Flipkart,Mobile,0
218,75844,18,Mumbai,Amazon,Mobile,0
219,75942,7,Hyderabad,Amazon,Tablet,0
220,54204,16,Hyderabad,Paytm,Laptop,0
221,67807,13,Chennai,Paytm,Laptop,0
222,96002,20,Chennai,Unknown,Mobile,1
223,31549,23,Mumbai,Amazon,Mobile,0
224,42486,22,Bangalore,Amazon,Laptop,0
225,30553,0,Mumbai,Unknown,Tablet,1
226,11475,17,Mumbai,Paytm,Mobile,0
227,13078,19,Hyderabad,Myntra,Mobile,0
228,30797,18,Hyderabad,Paytm,Mobile,0
229,67000,0,Chennai,Myntra,Tablet,1
230,47697,2,Chennai,Flipkart,Tablet,1
231,60931,19,Mumbai,Unknown,Laptop,1
232,70073,11,Mumbai,Paytm,Mobile,0
233,16208,19,Bangalore,Myntra,Tablet,0
234,89148,22,Chennai,Flipkart,Mobile,0
235,58246,2,Bangalore,Paytm,Mobile,1
236,53822,19,Chennai,Amazon,Tablet,0
237,40203,11,Chennai,Unknown,Tablet,0
238,68773,19,Mumbai,Flipkart,Tablet,0
239,82376,4,Chennai,Unknown,Tablet,1
240,48530,2,Delhi,Myntra,Tablet,1
241,22283,16,Delhi,Flipkart,Mobile,0
242,25112,19,Mumbai,Unknown,Laptop,0
243,95321,15,Mumbai,Paytm,Laptop,0
244,46280,22,Delhi,Paytm,Mobile,0
245,81305,5,Hyderabad,Unknown,Tablet,1
246,81796,22,Bangalore,Myntra,Tablet,0
247,62478,13,Delhi,Unknown,Laptop,1
248,76956,18,Chennai,Paytm,Mobile,0
249,29254,16,Chennai,Amazon,Mobile,0
250,53939,8,Mumbai,Unknown,Mobile,1
251,34177,19,Chennai,Paytm,Tablet,0
252,51309,0,Hyderabad,Flipkart,Tablet,1
253,38059,4,Hyderabad,Unknown,Tablet,0
254,96152,15,Hyderabad,Paytm,Laptop,0
255,29021,22,Chennai,Amazon,Laptop,0
256,58725,17,Hyderabad,Amazon,Laptop,0
257,18598,8,Bangalore,Unknown,Tablet,0
258,72936,13,Mumbai,Amazon,Laptop,0
259,77564,9,Mumbai,Myntra,Mobile,0
260,54995,1,Chennai,Unknown,Laptop,1
261,5141,4,Chennai,Flipkart,Tablet,0
262,12311,5,Chennai,Amazon,Laptop,0
263,79791,7,Chennai,Paytm,Mobile,0
264,24245,18,Bangalore,Flipkart,Mobile,0
265,58792,7,Mumbai,Unknown,Laptop,1
266,48637,7,Bangalore,Amazon,Laptop,0
267,54149,14,Chennai,Myntra,Mobile,0
268,84404,13,Delhi,Paytm,Laptop,0
269,38932,6,Chennai,Flipkart,Laptop,0
270,14865,21,Delhi,Amazon,Tablet,0
271,55975,13,Mumbai,Paytm,Laptop,0
272,8892,17,Delhi,Myntra,Laptop,0
273,18822,23,Hyderabad,Amazon,Mobile,0
274,11160,23,Hyderabad,Amazon,Tablet,0
275,58356,19,Hyderabad,Flipkart,Mobile,0
276,19019,12,Chennai,Unknown,Laptop,0
277,4929,2,Chennai,Unknown,Mobile,0
278,70301,13,Bangalore,Flipkart,Tablet,0
279,93862,2,Chennai,Unknown,Laptop,1
280,64841,3,Hyderabad,Unknown,Tablet,1
281,54905,17,Hyderabad,Unknown,Mobile,1
282,28995,14,Bangalore,Myntra,Tablet,0
283,27478,3,Hyderabad,Amazon,Tablet,0
284,57449,6,Hyderabad,Flipkart,Mobile,0
285,9122,21,Hyderabad,Myntra,Mobile,0
286,11252,1,Mumbai,Flipkart,Tablet,0
287,55478,3,Mumbai,Unknown,Mobile,1
288,57919,16,Delhi,Myntra,Mobile,0
289,2081,16,Bangalore,Flipkart,Laptop,0
290,44320,1,Mumbai,Unknown,Laptop,1
291,33455,7,Chennai,Unknown,Laptop,0
292,71956,17,Delhi,Paytm,Laptop,0
293,71014,10,Delhi,Flipkart,Mobile,0
294,77466,19,Hyderabad,Unknown,Laptop,1
295,22917,23,Bangalore,Myntra,Tablet,0
296,30248,4,Hyderabad,Myntra,Tablet,0
297,91523,0,Bangalore,Flipkart,Mobile,1
298,80489,19,Delhi,Unknown,Mobile,1
299,102,23,Mumbai,Unknown,Laptop,0
300,32472,15,Delhi,Amazon,Mobile,0
301,80265,13,Hyderabad,Unknown,Mobile,1
302,23691,15,Chennai,Amazon,Tablet,0
303,2975,9,Chennai,Amazon,Mobile,0
304,81093,4,Chennai,Flipkart,Tablet,0
305,20330,2,Delhi,Flipkart,Mobile,0
306,12238,8,Mumbai,Paytm,Laptop,0
307,67239,1,Chennai,Unknown,Mobile,1
308,42981,18,Hyderabad,Myntra,Laptop,0
309,3094,16,Bangalore,Unknown,Tablet,0
310,94320,5,Delhi,Flipkart,Tablet,0
311,5365,13,Delhi,Paytm,Tablet,0
312,3861,8,Chennai,Amazon,Laptop,0
313,36169,17,Delhi,Paytm,Mobile,0
314,62129,14,Delhi,Unknown,Mobile,1
315,27326,2,Mumbai,Amazon,Laptop,0
316,58203,19,Hyderabad,Flipkart,Laptop,0
317,20819,10,Bangalore,Amazon,Mobile,0
318,5523,19,Bangalore,Unknown,Laptop,0
319,24241,23,Chennai,Paytm,Laptop,0
320,55163,2,Bangalore,Flipkart,Tablet,1
321,8080,9,Bangalore,Amazon,Tablet,0
322,9936,5,Hyderabad,Flipkart,Mobile,0
323,11599,8,Mumbai,Amazon,Tablet,0
324,9514,1,Chennai,Myntra,Laptop,0
325,18458,15,Delhi,Amazon,Mobile,0
326,3921,5,Chennai,Flipkart,Mobile,0
327,70445,5,Delhi,Amazon,Tablet,0
328,91035,9,Mumbai,Unknown,Tablet,1
329,80661,9,Hyderabad,Unknown,Mobile,1
330,59610,6,Mumbai,Myntra,Tablet,0
331,70335,9,Hyderabad,Unknown,Tablet,1
332,96629,6,Bangalore,Unknown,Laptop,1
333,64089,1,Chennai,Flipkart,Mobile,1
334,19111,23,Delhi,Flipkart,Mobile,0
335,46652,13,Hyderabad,Paytm,Laptop,0
336,1101,20,Delhi,Myntra,Laptop,0
337,55963,18,Mumbai,Paytm,Tablet,0
338,12670,21,Bangalore,Paytm,Tablet,0
339,3497,14,Delhi,Myntra,Mobile,0
340,52039,19,Hyderabad,Myntra,Mobile,0
341,67891,0,Chennai,Amazon,Mobile,1
342,50106,17,Delhi,Paytm,Laptop,0
343,54956,15,Hyderabad,Flipkart,Laptop,0
344,56316,0,Delhi,Unknown,Mobile,1
345,3070,7,Delhi,Unknown,Mobile,0
346,79087,14,Delhi,Unknown,Mobile,1
347,31431,19,Hyderabad,Amazon,Tablet,0
348,99353,3,Hyderabad,Amazon,Mobile,1
349,35214,15,Chennai,Unknown,Mobile,0
350,21186,12,Chennai,Paytm,Laptop,0
351,77815,9,Bangalore,Flipkart,Tablet,0
352,51756,17,Bangalore,Amazon,Laptop,0
353,73420,13,Mumbai,Flipkart,Mobile,0
354,68132,10,Chennai,Myntra,Laptop,0
355,48625,12,Bangalore,Myntra,Laptop,0
356,97153,22,Chennai,Flipkart,Laptop,0
357,6805,11,Delhi,Flipkart,Tablet,0
358,19938,15,Mumbai,Amazon,Tablet,0
359,31932,9,Hyderabad,Myntra,Mobile,0
360,11757,10,Bangalore,Flipkart,Mobile,0
361,99596,17,Delhi,Flipkart,Laptop,0
362,45158,23,Chennai,Flipkart,Mobile,0
363,90354,16,Bangalore,Paytm,Mobile,0
364,15661,6,Mumbai,Myntra,Tablet,0
365,24299,16,Delhi,Myntra,Mobile,0
366,72661,0,Delhi,Amazon,Mobile,1
367,2617,21,Delhi,Unknown,Tablet,0
368,16560,17,Bangalore,Myntra,Tablet,0
369,99544,2,Mumbai,Amazon,Laptop,1
370,188,1,Hyderabad,Myntra,Tablet,0
371,59080,2,Hyderabad,Myntra,Laptop,1
372,34717,2,Mumbai,Flipkart,Mobile,1
373,98629,20,Delhi,Unknown,Laptop,1
374,87410,12,Delhi,Paytm,Laptop,0
375,84396,4,Chennai,Paytm,Laptop,0
376,88121,6,Chennai,Unknown,Tablet,1
377,3469,12,Hyderabad,Myntra,Laptop,0
378,80874,23,Hyderabad,Myntra,Laptop,0
379,73564,21,Hyderabad,Paytm,Laptop,0
380,94170,21,Delhi,Myntra,Tablet,0
381,17620,5,Chennai,Paytm,Mobile,0
382,95807,20,Delhi,Amazon,Laptop,0
383,1007,3,Mumbai,Unknown,Laptop,0
384,99594,16,Mumbai,Paytm,Tablet,0
385,88694,18,Mumbai,Amazon,Mobile,0
386,39140,11,Delhi,Unknown,Tablet,0
387,3763,12,Bangalore,Unknown,Mobile,0
388,52485,7,Hyderabad,Paytm,Laptop,0
389,22256,4,Mumbai,Amazon,Tablet,0
390,30337,14,Bangalore,Myntra,Tablet,0
391,7756,9,Bangalore,Myntra,Laptop,0
392,58722,18,Hyderabad,Myntra,Mobile,0
393,35225,5,Hyderabad,Amazon,Tablet,0
394,76106,22,Chennai,Unknown,Tablet,1
395,58567,16,Bangalore,Unknown,Mobile,1
396,21162,22,Delhi,Myntra,Laptop,0
397,48723,3,Mumbai,Amazon,Mobile,1
398,78997,22,Bangalore,Unknown,Tablet,1
399,81243,9,Bangalore,Myntra,Laptop,0
400,80700,0,Bangalore,Unknown,Tablet,1
401,94484,14,Bangalore,Paytm,Tablet,0
402,40077,0,Delhi,Paytm,Tablet,1
403,28296,17,Mumbai,Myntra,Laptop,0
404,48440,2,Delhi,Myntra,Tablet,1
405,62727,19,Chennai,Unknown,Laptop,1
406,73257,12,Chennai,Paytm,Mobile,0
407,11502,5,Delhi,Flipkart,Laptop,0
408,24139,2,Bangalore,Unknown,Tablet,0
409,12884,9,Hyderabad,Amazon,Tablet,0
410,74538,9,Delhi,Unknown,Mobile,1
411,47517,21,Delhi,Amazon,Laptop,0
412,81737,3,Bangalore,Flipkart,Tablet,1
413,98209,13,Bangalore,Paytm,Mobile,0
414,1293,0,Hyderabad,Unknown,Laptop,0
415,17616,7,Mumbai,Flipkart,Mobile,0
416,39877,4,Bangalore,Unknown,Laptop,0
417,14044,15,Mumbai,Myntra,Tablet,0
418,86810,20,Bangalore,Myntra,Tablet,0
419,65661,15,Hyderabad,Unknown,Tablet,1
420,75715,9,Chennai,Paytm,Tablet,0
421,98979,23,Mumbai,Paytm,Laptop,0
422,8170,9,Chennai,Unknown,Tablet,0
423,48376,11,Mumbai,Unknown,Mobile,0
424,16914,21,Mumbai,Paytm,Tablet,0
425,24316,1,Chennai,Paytm,Laptop,0
426,61723,1,Chennai,Flipkart,Mobile,1
427,52299,19,Chennai,Unknown,Laptop,1
428,82831,21,Bangalore,Amazon,Mobile,0
429,21528,21,Hyderabad,Flipkart,Tablet,0
430,17082,17,Delhi,Paytm,Tablet,0
431,87988,7,Chennai,Amazon,Laptop,0
432,27267,14,Hyderabad,Unknown,Mobile,0
433,66644,16,Mumbai,Flipkart,Laptop,0
434,20924,19,Bangalore,Flipkart,Laptop,0
435,48169,5,Chennai,Myntra,Tablet,0
436,97935,10,Chennai,Amazon,Mobile,0
437,70477,11,Hyderabad,Amazon,Tablet,0
438,17293,20,Hyderabad,Paytm,Laptop,0
439,86289,23,Hyderabad,Amazon,Mobile,0
440,64930,9,Delhi,Myntra,Mobile,0
441,255,11,Hyderabad,Unknown,Laptop,0
442,25472,12,Mumbai,Amazon,Tablet,0
443,38828,0,Hyderabad,Amazon,Mobile,1
444,41471,19,Delhi,Paytm,Tablet,0
445,15907,4,Chennai,Flipkart,Laptop,0
446,9640,18,Hyderabad,Paytm,Laptop,0
447,18994,4,Hyderabad,Amazon,Laptop,0
448,10821,13,Delhi,Flipkart,Laptop,0
449,86683,18,Hyderabad,Amazon,Laptop,0
450,95722,6,Bangalore,Myntra,Mobile,0
451,66160,17,Delhi,Unknown,Laptop,1
452,59883,16,Mumbai,Myntra,Mobile,0
453,93708,3,Hyderabad,Amazon,Tablet,1
454,86372,18,Mumbai,Paytm,Tablet,0
455,46838,22,Delhi,Myntra,Mobile,0
456,80166,8,Chennai,Amazon,Tablet,0
457,67743,10,Delhi,Amazon,Tablet,0
458,75397,10,Delhi,Flipkart,Tablet,0
459,87392,14,Mumbai,Paytm,Tablet,0
460,74220,9,Chennai,Amazon,Mobile,0
461,39267,10,Bangalore,Flipkart,Mobile,0
462,40370,14,Delhi,Flipkart,Mobile,0
463,55297,4,Mumbai,Paytm,Tablet,0
464,39714,21,Chennai,Flipkart,Laptop,0
465,59526,13,Chennai,Flipkart,Mobile,0
466,43370,5,Bangalore,Paytm,Mobile,0
467,59171,21,Chennai,Unknown,Tablet,1
468,32259,23,Mumbai,Myntra,Laptop,0
469,89617,13,Bangalore,Flipkart,Tablet,0
470,17621,20,Hyderabad,Myntra,Mobile,0
471,86086,17,Hyderabad,Myntra,Mobile,0
472,28029,4,Chennai,Myntra,Tablet,0
473,10080,22,Chennai,Myntra,Laptop,0
474,27837,1,Hyderabad,Amazon,Tablet,0
475,57047,20,Bangalore,Flipkart,Laptop,0
476,855,14,Mumbai,Amazon,Mobile,0
477,30815,6,Chennai,Paytm,Laptop,0
478,8947,10,Bangalore,Unknown,Mobile,0
479,711,13,Mumbai,Flipkart,Laptop,0
480,23541,1,Bangalore,Amazon,Laptop,0
481,1024,5,Mumbai,Unknown,Mobile,0
482,86698,17,Chennai,Unknown,Tablet,1
483,22337,11,Bangalore,Flipkart,Laptop,0
484,24506,19,Chennai,Unknown,Tablet,0
485,34525,5,Chennai,Amazon,Mobile,0
486,97242,22,Bangalore,Paytm,Laptop,0
487,81259,0,Delhi,Paytm,Laptop,1
488,22344,12,Hyderabad,Paytm,Tablet,0
489,12864,21,Hyderabad,Paytm,Mobile,0
490,89216,16,Delhi,Flipkart,Mobile,0
491,64644,12,Chennai,Myntra,Mobile,0
492,97297,7,Hyderabad,Myntra,Laptop,0
493,87129,17,Bangalore,Flipkart,Tablet,0
494,85397,1,Hyderabad,Flipkart,Laptop,1
495,46081,23,Delhi,Myntra,Laptop,0
496,11624,17,Hyderabad,Flipkart,Mobile,0
497,44583,2,Hyderabad,Paytm,Laptop,1
498,79756,23,Delhi,Paytm,Mobile,0
499,26355,23,Chennai,Flipkart,Tablet,0
500,11096,16,Bangalore,Unknown,Mobile,0
501,66015,21,Mumbai,Paytm,Tablet,0
502,3904,18,Delhi,Myntra,Laptop,0
503,50467,16,Mumbai,Unknown,Tablet,1
504,85301,10,Mumbai,Myntra,Mobile,0
505,62954,4,Mumbai,Flipkart,Laptop,0
506,99963,2,Bangalore,Amazon,Mobile,1
507,12433,0,Chennai,Paytm,Mobile,0
508,82789,21,Chennai,Amazon,Mobile,0
509,88295,1,Mumbai,Amazon,Laptop,1
510,26470,20,Bangalore,Unknown,Laptop,0
511,50415,1,Chennai,Myntra,Laptop,1
512,36707,11,Chennai,Myntra,Mobile,0
513,66881,16,Chennai,Unknown,Tablet,1
514,13307,15,Mumbai,Myntra,Laptop,0
515,76973,22,Hyderabad,Myntra,Tablet,0
516,23314,2,Delhi,Amazon,Tablet,0
517,90274,11,Bangalore,Flipkart,Mobile,0
518,81584,6,Chennai,Unknown,Laptop,1
519,7625,11,Delhi,Flipkart,Mobile,0
520,82221,7,Delhi,Myntra,Tablet,0
521,19496,15,Chennai,Amazon,Mobile,0
522,82154,3,Mumbai,Paytm,Tablet,1
523,50553,2,Chennai,Flipkart,Laptop,1
524,2159,21,Mumbai,Amazon,Tablet,0
525,22741,18,Bangalore,Myntra,Mobile,0
526,47581,3,Delhi,Paytm,Laptop,1
527,89842,10,Hyderabad,Amazon,Laptop,0
528,91305,11,Hyderabad,Amazon,Laptop,0
529,82238,2,Mumbai,Amazon,Laptop,1
530,50369,18,Hyderabad,Amazon,Tablet,0
531,44252,2,Mumbai,Paytm,Tablet,1
532,22744,12,Mumbai,Myntra,Mobile,0
533,98453,0,Hyderabad,Myntra,Laptop,1
534,74165,19,Mumbai,Flipkart,Tablet,0
535,43665,15,Delhi,Flipkart,Tablet,0
536,66955,18,Delhi,Unknown,Mobile,1
537,19525,22,Chennai,Paytm,Mobile,0
538,853,5,Delhi,Flipkart,Laptop,0
539,67578,11,Chennai,Unknown,Mobile,1
540,21195,9,Bangalore,Flipkart,Tablet,0
541,94224,14,Hyderabad,Amazon,Laptop,0
542,52380,23,Chennai,Unknown,Laptop,1
543,29963,12,Delhi,Unknown,Mobile,0
544,69648,10,Hyderabad,Flipkart,Mobile,0
545,72007,2,Bangalore,Paytm,Mobile,1
546,70126,3,Delhi,Flipkart,Laptop,1
547,99238,17,Mumbai,Flipkart,Mobile,0
548,56778,6,Mumbai,Amazon,Mobile,0
549,81476,7,Chennai,Paytm,Mobile,0
550,67868,15,Delhi,Myntra,Tablet,0
551,55012,12,Delhi,Myntra,Laptop,0
552,45534,12,Hyderabad,Myntra,Mobile,0
553,20490,0,Hyderabad,Flipkart,Mobile,0
554,901,14,Chennai,Unknown,Laptop,0
555,34532,23,Delhi,Amazon,Mobile,0
556,65220,1,Chennai,Paytm,Mobile,1
557,25814,18,Bangalore,Flipkart,Laptop,0
558,68657,23,Mumbai,Flipkart,Tablet,0
559,88693,10,Hyderabad,Amazon,Tablet,0
560,33323,0,Hyderabad,Amazon,Tablet,1
561,96774,20,Bangalore,Flipkart,Tablet,0
562,12233,18,Mumbai,Unknown,Laptop,0
563,8425,16,Hyderabad,Unknown,Mobile,0
564,14528,2,Chennai,Amazon,Tablet,0
565,19020,15,Delhi,Flipkart,Laptop,0
566,14126,8,Delhi,Amazon,Laptop,0
567,55876,6,Chennai,Unknown,Laptop,1
568,94937,18,Chennai,Myntra,Tablet,0
569,3585,23,Delhi,Myntra,Laptop,0
570,78230,18,Bangalore,Myntra,Mobile,0
571,36239,8,Mumbai,Paytm,Mobile,0
572,71899,14,Bangalore,Amazon,Laptop,0
573,23739,14,Delhi,Flipkart,Laptop,0
574,94648,12,Mumbai,Myntra,Laptop,0
575,13249,21,Bangalore,Myntra,Laptop,0
576,1710,22,Hyderabad,Unknown,Mobile,0
577,61118,20,Delhi,Flipkart,Laptop,0
578,5934,10,Hyderabad,Amazon,Mobile,0
579,79119,1,Bangalore,Paytm,Mobile,1
580,91035,16,Mumbai,Myntra,Laptop,0
581,1468,18,Delhi,Paytm,Laptop,0
582,1831,2,Chennai,Paytm,Tablet,0
583,82581,4,Mumbai,Amazon,Laptop,0
584,52236,7,Chennai,Amazon,Tablet,0
585,38418,18,Hyderabad,Flipkart,Laptop,0
586,5989,9,Bangalore,Myntra,Mobile,0
587,16785,0,Mumbai,Amazon,Laptop,0
588,42272,1,Delhi,Myntra,Tablet,1
589,4625,20,Mumbai,Amazon,Laptop,0
590,52147,17,Delhi,Unknown,Mobile,1
591,42085,23,Chennai,Flipkart,Mobile,0
592,60756,1,Bangalore,Paytm,Laptop,1
593,85015,11,Bangalore,Paytm,Tablet,0
594,28015,14,Chennai,Myntra,Tablet,0
595,90716,8,Chennai,Myntra,Tablet,0
596,38543,15,Bangalore,Myntra,Laptop,0
597,52039,12,Mumbai,Paytm,Laptop,0
598,35390,16,Bangalore,Amazon,Laptop,0
599,8700,17,Delhi,Unknown,Tablet,0
600,21493,4,Hyderabad,Amazon,Laptop,0
601,63005,1,Chennai,Unknown,Mobile,1
602,69800,2,Bangalore,Flipkart,Laptop,1
603,78769,15,Delhi,Myntra,Tablet,0
604,38064,9,Delhi,Myntra,Tablet,0
605,54490,22,Mumbai,Myntra,Laptop,0
606,35425,23,Bangalore,Myntra,Laptop,0
607,3822,2,Mumbai,Unknown,Laptop,0
608,75861,13,Chennai,Amazon,Laptop,0
609,10606,14,Mumbai,Myntra,Tablet,0
610,35065,8,Bangalore,Paytm,Mobile,0
611,7253,18,Bangalore,Amazon,Mobile,0
612,44265,3,Hyderabad,Unknown,Mobile,1
613,54571,1,Hyderabad,Paytm,Tablet,1
614,17598,21,Delhi,Flipkart,Laptop,0
615,32813,7,Delhi,Paytm,Laptop,0
616,74877,3,Chennai,Amazon,Laptop,1
617,59302,5,Mumbai,Paytm,Laptop,0
618,83393,10,Chennai,Unknown,Mobile,1
619,78187,23,Mumbai,Unknown,Tablet,1
620,30219,15,Chennai,Flipkart,Mobile,0
621,48844,11,Mumbai,Amazon,Tablet,0
622,69785,15,Hyderabad,Myntra,Laptop,0
623,44196,19,Chennai,Paytm,Mobile,0
624,12542,19,Mumbai,Flipkart,Laptop,0
625,62758,18,Bangalore,Paytm,Tablet,0
626,40214,17,Delhi,Flipkart,Mobile,0
627,70601,20,Chennai,Unknown,Mobile,1
628,58123,18,Hyderabad,Myntra,Tablet,0
629,98363,10,Hyderabad,Paytm,Laptop,0
630,59306,0,Delhi,Myntra,Mobile,1
631,10532,20,Delhi,Amazon,Mobile,0
632,74408,15,Delhi,Unknown,Laptop,1
633,91673,3,Hyderabad,Amazon,Tablet,1
634,19611,22,Delhi,Flipkart,Laptop,0
635,67130,20,Hyderabad,Unknown,Mobile,1
636,53202,2,Mumbai,Myntra,Laptop,1
637,65109,16,Chennai,Paytm,Tablet,0
638,30498,6,Chennai,Paytm,Mobile,0
639,1820,9,Chennai,Amazon,Tablet,0
640,8962,10,Bangalore,Myntra,Mobile,0
641,66887,14,Delhi,Amazon,Tablet,0
642,47926,13,Delhi,Unknown,Laptop,0
643,37320,1,Delhi,Paytm,Mobile,1
644,78548,12,Delhi,Paytm,Tablet,0
645,5057,19,Mumbai,Flipkart,Tablet,0
646,64083,8,Chennai,Myntra,Tablet,0
647,26323,14,Hyderabad,Paytm,Laptop,0
648,61473,23,Hyderabad,Amazon,Tablet,0
649,90279,23,Bangalore,Myntra,Mobile,0
650,74715,6,Chennai,Paytm,Mobile,0
651,93552,14,Delhi,Myntra,Mobile,0
652,28934,11,Chennai,Unknown,Mobile,0
653,92660,19,Delhi,Myntra,Laptop,0
654,6063,23,Hyderabad,Flipkart,Mobile,0
655,79454,22,Hyderabad,Flipkart,Tablet,0
656,52802,10,Hyderabad,Amazon,Tablet,0
657,26564,18,Bangalore,Myntra,Laptop,0
658,37457,21,Bangalore,Flipkart,Laptop,0
659,10947,12,Bangalore,Flipkart,Tablet,0
660,7834,18,Mumbai,Amazon,Mobile,0
661,72742,12,Hyderabad,Amazon,Laptop,0
662,89941,6,Bangalore,Paytm,Mobile,0
663,79688,19,Mumbai,Unknown,Tablet,1
664,50184,14,Chennai,Myntra,Laptop,0
665,3655,9,Chennai,Myntra,Laptop,0
666,61712,11,Delhi,Unknown,Mobile,1
667,11988,22,Chennai,Flipkart,Mobile,0
668,69411,7,Chennai,Myntra,Mobile,0
669,48434,17,Chennai,Amazon,Mobile,0
670,39925,19,Chennai,Paytm,Tablet,0
671,19004,20,Mumbai,Paytm,Mobile,0
672,50675,20,Mumbai,Amazon,Laptop,0
673,62237,7,Chennai,Myntra,Tablet,0
674,72655,17,Delhi,Paytm,Mobile,0
675,10234,0,Delhi,Myntra,Tablet,0
676,38219,18,Chennai,Paytm,Mobile,0
677,78828,21,Hyderabad,Paytm,Mobile,0
678,57700,13,Hyderabad,Amazon,Tablet,0
679,27769,14,Delhi,Unknown,Mobile,0
680,18106,14,Chennai,Paytm,Tablet,0
681,43527,12,Bangalore,Amazon,Laptop,0
682,37858,10,Bangalore,Paytm,Laptop,0
683,22886,1,Hyderabad,Paytm,Tablet,0
684,32470,5,Hyderabad,Myntra,Mobile,0
685,23535,5,Bangalore,Unknown,Laptop,0
686,33550,8,Hyderabad,Flipkart,Tablet,0
687,49495,10,Chennai,Unknown,Laptop,0
688,52093,10,Mumbai,Amazon,Mobile,0
689,58884,15,Mumbai,Myntra,Tablet,0
690,97219,8,Delhi,Unknown,Laptop,1
691,51138,7,Bangalore,Myntra,Mobile,0
692,61123,5,Chennai,Myntra,Mobile,0
693,57282,23,Hyderabad,Flipkart,Mobile,0
694,41063,23,Delhi,Unknown,Laptop,0
695,20761,3,Mumbai,Amazon,Mobile,0
696,73556,14,Bangalore,Paytm,Mobile,0
697,31300,4,Delhi,Paytm,Tablet,0
698,24241,18,Hyderabad,Paytm,Laptop,0
699,19697,17,Bangalore,Flipkart,Laptop,0
700,28946,17,Hyderabad,Unknown,Mobile,0
701,31518,17,Delhi,Amazon,Tablet,0
702,28416,13,Hyderabad,Unknown,Laptop,0
703,83079,19,Chennai,Amazon,Laptop,0
704,80474,1,Hyderabad,Paytm,Mobile,1
705,84172,4,Chennai,Unknown,Laptop,1
706,33227,2,Delhi,Amazon,Laptop,1
707,56434,23,Bangalore,Amazon,Mobile,0
708,56219,2,Bangalore,Flipkart,Tablet,1
709,39490,21,Bangalore,Unknown,Tablet,0
710,10463,3,Mumbai,Paytm,Laptop,0
711,47383,2,Hyderabad,Amazon,Laptop,1
712,99141,13,Mumbai,Amazon,Mobile,0
713,50112,13,Chennai,Myntra,Laptop,0
714,83682,3,Hyderabad,Amazon,Laptop,1
715,82898,16,Mumbai,Amazon,Tablet,0
716,88418,0,Delhi,Paytm,Mobile,1
717,71715,8,Mumbai,Unknown,Mobile,1
718,10095,17,Bangalore,Flipkart,Tablet,0
719,46548,17,Chennai,Myntra,Mobile,0
720,42851,6,Delhi,Flipkart,Laptop,0
721,71233,15,Chennai,Myntra,Laptop,0
722,501,10,Hyderabad,Amazon,Laptop,0
723,14169,5,Mumbai,Unknown,Laptop,0
724,77509,3,Chennai,Amazon,Mobile,1
725,4846,15,Delhi,Paytm,Mobile,0
726,67374,12,Chennai,Paytm,Mobile,0
727,68992,19,Hyderabad,Paytm,Mobile,0
728,72877,10,Chennai,Myntra,Mobile,0
729,61209,7,Chennai,Paytm,Mobile,0
730,12120,0,Bangalore,Amazon,Laptop,0
731,67748,4,Hyderabad,Flipkart,Laptop,0
732,87062,8,Hyderabad,Amazon,Laptop,0
733,16971,14,Hyderabad,Flipkart,Tablet,0
734,62751,12,Mumbai,Amazon,Mobile,0
735,29511,1,Delhi,Myntra,Laptop,0
736,15313,13,Chennai,Amazon,Laptop,0
737,69233,22,Chennai,Amazon,Mobile,0
738,66746,2,Hyderabad,Amazon,Mobile,1
739,50558,1,Chennai,Myntra,Tablet,1
740,66048,4,Delhi,Unknown,Tablet,1
741,46970,3,Mumbai,Myntra,Tablet,1
742,52430,18,Mumbai,Amazon,Laptop,0
743,11228,13,Bangalore,Unknown,Tablet,0
744,28413,23,Chennai,Myntra,Tablet,0
745,41402,0,Mumbai,Amazon,Mobile,1
746,53634,8,Delhi,Amazon,Laptop,0
747,10828,16,Delhi,Myntra,Mobile,0
748,55947,17,Hyderabad,Myntra,Laptop,0
749,83639,2,Delhi,Unknown,Laptop,1
750,86412,21,Mumbai,Unknown,Mobile,1
751,1677,20,Bangalore,Paytm,Tablet,0
752,25626,21,Mumbai,Paytm,Mobile,0
753,42113,2,Delhi,Flipkart,Tablet,1
754,80229,11,Bangalore,Paytm,Laptop,0
755,58173,15,Delhi,Myntra,Tablet,0
756,77386,17,Chennai,Amazon,Laptop,0
757,86082,4,Bangalore,Amazon,Mobile,0
758,57475,6,Chennai,Myntra,Tablet,0
759,45647,0,Hyderabad,Myntra,Mobile,1
760,58944,17,Mumbai,Amazon,Tablet,0
761,47128,21,Delhi,Myntra,Laptop,0
762,36354,22,Delhi,Myntra,Laptop,0
763,70962,3,Mumbai,Flipkart,Laptop,1
764,65619,17,Chennai,Flipkart,Laptop,0
765,73381,11,Bangalore,Myntra,Tablet,0
766,33339,12,Delhi,Flipkart,Tablet,0
767,4925,12,Hyderabad,Amazon,Laptop,0
768,99837,4,Hyderabad,Unknown,Tablet,1
769,76900,6,Delhi,Amazon,Tablet,0
770,52839,21,Mumbai,Paytm,Laptop,0
771,56887,2,Chennai,Paytm,Laptop,1
772,25720,19,Delhi,Flipkart,Mobile,0
773,78434,2,Hyderabad,Myntra,Laptop,1
774,98281,18,Hyderabad,Flipkart,Mobile,0
775,42578,22,Hyderabad,Unknown,Mobile,0
776,38378,15,Mumbai,Myntra,Mobile,0
777,29979,7,Delhi,Unknown,Laptop,0
778,33487,5,Chennai,Amazon,Laptop,0
779,28916,10,Hyderabad,Flipkart,Mobile,0
780,98687,16,Delhi,Amazon,Laptop,0
781,95012,18,Hyderabad,Paytm,Tablet,0
782,46873,11,Hyderabad,Unknown,Tablet,0
783,87336,11,Delhi,Flipkart,Laptop,0
784,60989,23,Chennai,Flipkart,Mobile,0
785,69903,17,Chennai,Unknown,Tablet,1
786,54979,22,Delhi,Flipkart,Tablet,0
787,8024,3,Delhi,Amazon,Laptop,0
788,59444,7,Bangalore,Myntra,Laptop,0
789,52350,1,Delhi,Unknown,Tablet,1
790,53084,5,Mumbai,Paytm,Mobile,0
791,75077,3,Chennai,Amazon,Tablet,1
792,7857,15,Hyderabad,Myntra,Tablet,0
793,31333,7,Hyderabad,Paytm,Tablet,0
794,80050,18,Hyderabad,Myntra,Tablet,0
795,16880,22,Delhi,Flipkart,Laptop,0
796,45155,8,Mumbai,Myntra,Mobile,0
797,60582,20,Hyderabad,Flipkart,Tablet,0
798,67016,12,Chennai,Unknown,Mobile,1
799,45793,21,Bangalore,Flipkart,Tablet,0
800,48805,10,Bangalore,Unknown,Mobile,0
801,61517,21,Hyderabad,Flipkart,Mobile,0
802,27255,21,Delhi,Paytm,Mobile,0
803,47484,13,Delhi,Myntra,Tablet,0
804,31185,2,Bangalore,Flipkart,Laptop,1
805,60853,1,Hyderabad,Paytm,Tablet,1
806,74425,19,Mumbai,Paytm,Laptop,0
807,83720,5,Hyderabad,Myntra,Tablet,0
808,16497,18,Bangalore,Amazon,Laptop,0
809,27809,19,Chennai,Amazon,Laptop,0
810,72839,5,Hyderabad,Myntra,Tablet,0
811,93338,11,Bangalore,Flipkart,Tablet,0
812,17987,23,Hyderabad,Myntra,Laptop,0
813,41708,3,Chennai,Amazon,Mobile,1
814,25563,9,Bangalore,Paytm,Mobile,0
815,78258,3,Mumbai,Myntra,Mobile,1
816,15581,12,Chennai,Paytm,Laptop,0
817,85487,20,Delhi,Flipkart,Laptop,0
818,29064,4,Mumbai,Paytm,Laptop,0
819,72669,13,Chennai,Unknown,Laptop,1
820,86281,23,Hyderabad,Unknown,Laptop,1
821,79959,12,Delhi,Myntra,Mobile,0
822,32541,10,Delhi,Amazon,Laptop,0
823,47070,8,Delhi,Flipkart,Mobile,0
824,37111,4,Hyderabad,Unknown,Laptop,0
825,94528,11,Bangalore,Myntra,Mobile,0
826,3866,9,Bangalore,Flipkart,Tablet,0
827,37677,18,Hyderabad,Unknown,Laptop,0
828,12493,6,Chennai,Myntra,Laptop,0
829,20474,18,Hyderabad,Paytm,Mobile,0
830,92285,3,Bangalore,Myntra,Tablet,1
831,57398,7,Bangalore,Flipkart,Laptop,0
832,85956,20,Delhi,Flipkart,Mobile,0
833,71755,17,Mumbai,Myntra,Mobile,0
834,74856,12,Chennai,Myntra,Mobile,0
835,84268,4,Hyderabad,Unknown,Laptop,1
836,63059,16,Chennai,Myntra,Tablet,0
837,65314,17,Chennai,Myntra,Tablet,0
838,22220,18,Delhi,Myntra,Mobile,0
839,40288,4,Hyderabad,Amazon,Mobile,0
840,33621,17,Hyderabad,Myntra,Tablet,0
841,52247,12,Bangalore,Unknown,Mobile,1
842,12889,16,Mumbai,Unknown,Mobile,0
843,27373,1,Bangalore,Myntra,Laptop,0
844,36129,6,Mumbai,Myntra,Laptop,0
845,14330,6,Bangalore,Flipkart,Mobile,0
846,99368,9,Delhi,Flipkart,Mobile,0
847,73113,7,Mumbai,Myntra,Tablet,0
848,98617,6,Chennai,Amazon,Tablet,0
849,12426,19,Bangalore,Paytm,Tablet,0
850,83935,8,Delhi,Amazon,Mobile,0
851,86487,17,Delhi,Unknown,Laptop,1
852,75470,19,Bangalore,Paytm,Laptop,0
853,63233,9,Hyderabad,Paytm,Laptop,0
854,49643,19,Mumbai,Unknown,Tablet,0
855,15199,0,Chennai,Myntra,Tablet,0
856,51595,2,Chennai,Myntra,Laptop,1
857,37292,8,Hyderabad,Unknown,Mobile,0
858,51313,14,Delhi,Paytm,Laptop,0
859,18256,4,Delhi,Amazon,Laptop,0
860,21356,22,Bangalore,Flipkart,Mobile,0
861,7807,15,Hyderabad,Unknown,Laptop,0
862,78902,23,Bangalore,Unknown,Tablet,1
863,76166,0,Chennai,Myntra,Laptop,1
864,66125,23,Hyderabad,Myntra,Mobile,0
865,63322,13,Bangalore,Flipkart,Tablet,0
866,76589,7,Hyderabad,Amazon,Tablet,0
867,89375,21,Delhi,Paytm,Tablet,0
868,57350,8,Chennai,Amazon,Laptop,0
869,25575,15,Chennai,Amazon,Mobile,0
870,56157,15,Hyderabad,Amazon,Tablet,0
871,8466,21,Chennai,Amazon,Mobile,0
872,25059,13,Bangalore,Unknown,Mobile,0
873,14916,22,Mumbai,Unknown,Tablet,0
874,77762,15,Chennai,Amazon,Tablet,0
875,24408,11,Bangalore,Amazon,Tablet,0
876,70931,20,Chennai,Unknown,Laptop,1
877,76080,8,Hyderabad,Flipkart,Mobile,0
878,79795,18,Delhi,Flipkart,Mobile,0
879,81563,3,Hyderabad,Flipkart,Laptop,1
880,9616,0,Hyderabad,Amazon,Laptop,0
881,65597,11,Bangalore,Unknown,Mobile,1
882,72645,2,Bangalore,Amazon,Laptop,1
883,1943,17,Hyderabad,Myntra,Laptop,0
884,19417,7,Hyderabad,Paytm,Tablet,0
885,81011,16,Delhi,Unknown,Laptop,1
886,33412,14,Chennai,Paytm,Tablet,0
887,95864,11,Bangalore,Flipkart,Laptop,0
888,44746,0,Bangalore,Myntra,Laptop,1
889,98330,17,Mumbai,Flipkart,Tablet,0
890,70509,3,Delhi,Amazon,Tablet,1
891,14777,21,Mumbai,Amazon,Mobile,0
892,94013,9,Bangalore,Myntra,Tablet,0
893,7241,21,Delhi,Flipkart,Mobile,0
894,40756,5,Mumbai,Flipkart,Mobile,0
895,28419,8,Hyderabad,Paytm,Tablet,0
896,89332,5,Hyderabad,Amazon,Mobile,0
897,5380,21,Mumbai,Unknown,Tablet,0
898,43627,14,Bangalore,Paytm,Mobile,0
899,49931,8,Mumbai,Amazon,Mobile,0
900,98606,8,Delhi,Unknown,Mobile,1
901,52646,0,Bangalore,Paytm,Laptop,1
902,74854,9,Delhi,Myntra,Mobile,0
903,57546,1,Chennai,Paytm,Laptop,1
904,16392,2,Chennai,Myntra,Tablet,0
905,84006,21,Chennai,Paytm,Tablet,0
906,83796,17,Bangalore,Flipkart,Tablet,0
907,41645,18,Delhi,Unknown,Tablet,0
908,82592,3,Delhi,Amazon,Tablet,1
909,47188,13,Bangalore,Flipkart,Tablet,0
910,48955,23,Mumbai,Amazon,Tablet,0
911,12096,13,Chennai,Flipkart,Mobile,0
912,17611,16,Chennai,Myntra,Tablet,0
913,16174,3,Hyderabad,Paytm,Laptop,0
914,43872,19,Chennai,Paytm,Tablet,0
915,29055,14,Hyderabad,Flipkart,Tablet,0
916,90882,17,Bangalore,Amazon,Mobile,0
917,44454,20,Bangalore,Flipkart,Laptop,0
918,73003,5,Delhi,Unknown,Mobile,1
919,18576,2,Delhi,Myntra,Laptop,0
920,23181,12,Mumbai,Flipkart,Mobile,0
921,60217,16,Chennai,Myntra,Laptop,0
922,55863,0,Chennai,Flipkart,Mobile,1
923,9840,5,Hyderabad,Unknown,Mobile,0
924,61253,15,Bangalore,Flipkart,Mobile,0
925,97735,11,Hyderabad,Paytm,Mobile,0
926,10147,8,Mumbai,Flipkart,Laptop,0
927,98531,14,Delhi,Unknown,Mobile,1
928,42058,6,Hyderabad,Flipkart,Tablet,0
929,99865,5,Delhi,Flipkart,Tablet,0
930,25411,11,Bangalore,Paytm,Tablet,0
931,78724,16,Delhi,Unknown,Laptop,1
932,10206,20,Chennai,Myntra,Tablet,0
933,55419,6,Mumbai,Flipkart,Tablet,0
934,69664,9,Chennai,Amazon,Laptop,0
935,79921,22,Bangalore,Myntra,Laptop,0
936,44792,5,Bangalore,Unknown,Laptop,0
937,51268,18,Mumbai,Flipkart,Laptop,0
938,72719,23,Delhi,Unknown,Tablet,1
939,270,12,Hyderabad,Paytm,Mobile,0
940,23182,4,Mumbai,Amazon,Mobile,0
941,81459,21,Delhi,Paytm,Mobile,0
942,6430,5,Bangalore,Myntra,Laptop,0
943,62313,23,Delhi,Flipkart,Mobile,0
944,62429,1,Chennai,Unknown,Tablet,1
945,63048,6,Hyderabad,Paytm,Mobile,0
946,50287,8,Bangalore,Flipkart,Tablet,0
947,12612,17,Chennai,Paytm,Mobile,0
948,99918,7,Bangalore,Myntra,Laptop,0
949,23123,15,Bangalore,Flipkart,Mobile,0
950,30969,23,Chennai,Amazon,Mobile,0
951,95883,18,Delhi,Myntra,Mobile,0
952,50148,7,Chennai,Flipkart,Laptop,0
953,35678,23,Mumbai,Unknown,Mobile,0
954,90523,1,Delhi,Unknown,Laptop,1
955,40732,16,Mumbai,Myntra,Mobile,0
956,58434,23,Bangalore,Paytm,Mobile,0
957,56896,15,Mumbai,Unknown,Laptop,1
958,56490,14,Chennai,Paytm,Tablet,0
959,30147,11,Chennai,Unknown,Laptop,0
960,51464,2,Bangalore,Amazon,Mobile,1
961,8634,23,Chennai,Flipkart,Tablet,0
962,86322,7,Chennai,Flipkart,Laptop,0
963,55376,22,Delhi,Paytm,Tablet,0
964,63366,23,Chennai,Amazon,Laptop,0
965,14935,6,Chennai,Flipkart,Mobile,0
966,6539,6,Mumbai,Amazon,Laptop,0
967,34867,8,Chennai,Unknown,Tablet,0
968,94792,21,Bangalore,Unknown,Mobile,1
969,65060,8,Hyderabad,Paytm,Laptop,0
970,16524,11,Chennai,Flipkart,Laptop,0
971,64782,22,Bangalore,Unknown,Tablet,1
972,16234,19,Mumbai,Myntra,Mobile,0
973,90155,2,Mumbai,Flipkart,Laptop,1
974,86365,5,Bangalore,Unknown,Mobile,1
975,30595,19,Delhi,Myntra,Laptop,0
976,74529,1,Chennai,Myntra,Tablet,1
977,92457,16,Mumbai,Paytm,Laptop,0
978,47129,21,Chennai,Paytm,Mobile,0
979,97997,0,Chennai,Unknown,Laptop,1
980,66018,8,Chennai,Unknown,Tablet,1
981,32471,16,Hyderabad,Myntra,Mobile,0
982,52687,12,Hyderabad,Paytm,Tablet,0
983,42414,1,Bangalore,Unknown,Mobile,1
984,44945,0,Bangalore,Myntra,Mobile,1
985,98854,21,Hyderabad,Flipkart,Laptop,0
986,88933,13,Mumbai,Unknown,Mobile,1
987,70107,5,Mumbai,Myntra,Laptop,0
988,96446,2,Chennai,Flipkart,Mobile,1
989,36276,15,Chennai,Paytm,Laptop,0
990,90755,1,Chennai,Amazon,Mobile,1
991,58469,17,Delhi,Myntra,Tablet,0
992,93858,0,Hyderabad,Myntra,Tablet,1
993,13627,7,Mumbai,Amazon,Tablet,0
994,73274,6,Chennai,Amazon,Laptop,0
995,6128,1,Mumbai,Myntra,Laptop,0
996,51133,1,Hyderabad,Unknown,Tablet,1
997,93582,0,Mumbai,Paytm,Tablet,1
998,78029,9,Mumbai,Flipkart,Mobile,0
999,68009,9,Delhi,Myntra,Tablet,0
1000,79184,4,Chennai,Amazon,Mobile,0
